{
  "model": "linear-softmax-pilot",
  "version": 1,
  "actions": [
    "left",
    "right",
    "fire",
    "stay"
  ],
  "features": [
    "bias",
    "target_dx",
    "abs_target_dx",
    "threat_dx",
    "threat_y",
    "bullet_ready",
    "alien_count",
    "wave"
  ],
  "weights": [
    [
      0.242987,
      0.177683,
      -0.468848,
      0.048178
    ],
    [
      -3.359672,
      3.359738,
      0.015399,
      -0.015465
    ],
    [
      2.271366,
      2.254008,
      -3.340991,
      -1.184384
    ],
    [
      -0.001944,
      -0.085604,
      -0.040106,
      0.127654
    ],
    [
      0.120565,
      0.174039,
      -0.230359,
      -0.064245
    ],
    [
      0.209221,
      0.208082,
      1.682535,
      -2.099837
    ],
    [
      -0.016237,
      0.154078,
      -0.216281,
      0.078441
    ],
    [
      0.100606,
      -0.02203,
      -0.003971,
      -0.074605
    ]
  ],
  "metrics": {
    "trainAccuracy": 0.9243,
    "evalAccuracy": 0.9277,
    "confusion": [
      [
        1338,
        34,
        3,
        0
      ],
      [
        43,
        1319,
        3,
        0
      ],
      [
        54,
        41,
        126,
        0
      ],
      [
        16,
        23,
        0,
        0
      ]
    ]
  }
}
